id,external_id,name,company_name,contact_name,email,job_position,phone,mobile,street,street2,city,state,zip,country,website,notes
1071,1581593f-3ff1-45a8-bb24-76afdf4bf64c,Inbound Lead - Gomes Education AB,Gomes Education AB,Jorge Gomes,jorge.gomes@hotmail.com,IT Director,+55 390 741 6305,+55 879 326 9848,7953 Praça Saens Peña,,Batalha,Piaui,64190-000,Brazil,https://www.gomeseducation.com,
1072,a3a17328-2858-4237-ad3c-dd0d6daf34fb,Inbound Lead - Stein Media AB,Stein Media AB,Jens Stein,jens.stein@stein.com,IT Director,+49 139 106 7842,+49 544 980 9744,5542 Friedensstraße,Suite 355,Markt Einersheim,Bayern,97348,Germany,https://www.steinmedia.com,
1073,cf5b0801-d85d-4f20-a1bc-ecde4ae18297,Opportunity - Bailey Hospitality Inc,Bailey Hospitality Inc,Zoe Bailey,zoe.bailey@bailey.com,CTO,+1 240 828 8756,+1 860 203 3281,9311 Broadway,,Crawfordsville,Indiana,47937,United States,https://www.baileyhospitality.com,
1074,9c2af8ea-4eb4-497e-95c6-a8026664aabd,Outbound Lead - Reinoso Logistics LLC,Reinoso Logistics LLC,Abril Reinoso,abril.reinoso@reinoso.com,Operations Manager,+54 331 398 7705,+54 750 316 6350,5073 Paseo de la República,Suite 470,VALENZUELA,Tucuman,4149,Argentina,https://www.reinosologistics.com,
1075,088241d8-d0d4-4bed-9731-1b565c243181,Inbound Lead - Ruggiero Technology GmbH,Ruggiero Technology GmbH,Grazia Ruggiero,grazia.ruggiero@hotmail.com,Sales Manager,+39 150 130 2886,+39 129 101 6118,9171 Via Palermo,Suite 138,Buttapietra,Veneto,37060,Italy,https://www.ruggierotechnology.com,
1076,69b69c2e-7053-41ef-88f4-411d03e66c76,Opportunity - Jaworski Healthcare GmbH,Jaworski Healthcare GmbH,Marlena Jaworski,marlena.jaworski@hotmail.com,HR Director,+48 573 724 1290,+48 937 500 6374,771 ulica Poselska,,Bolechówko,Greater Poland,62-004,Poland,https://www.jaworskihealthcare.com,
1077,9b24466d-ff0e-4f6f-b94f-59c30cc5e41c,Inquiry - Achleitner Food & Beverage AG,Achleitner Food & Beverage AG,Thomas Achleitner,thomas.achleitner@achleitner.com,HR Director,+43 627 127 9257,+43 392 998 3892,811 Margaretengürtel,,Drumling,Burgenland,7400,Austria,https://www.achleitnerfoodbeverage.com,
1078,8bd354d5-c69f-4675-ae00-6fb3cb620567,Quote Request - Simpson Technology LLC,Simpson Technology LLC,Alexander Simpson,alexander.simpson@simpson.com,General Manager,+1 984 233 8278,+1 967 539 7312,9140 River Road,Suite 290,Richmond,Virginia,23289,United States,https://www.simpsontechnology.com,
1079,7aa515fe-5600-48de-a6e0-f4746d8dc8f4,Opportunity - Pyeonggang Healthcare Inc,Pyeonggang Healthcare Inc,Jung-hwa Pyeonggang,junghwa.pyeonggang@pyeonggang.com,Marketing Director,+82 920 363 5727,+82 101 137 6019,2643 국채보상로 (Gukchae-bosang-ro),Suite 470,포항시 북구,경상북도,37607,South Korea,https://www.pyeongganghealthcare.com,
1080,6545e311-5456-4ce2-abca-bfb06f4d8159,Trade Show - Vasiliev Logistics Ltd,Vasiliev Logistics Ltd,Yaroslav Vasiliev,yaroslav.vasiliev@vasiliev.com,Business Development Manager,+7 568 804 5107,+7 734 213 5369,5514 Восточная улица,Suite 115,Станьково,Псковская Область,182212,Russia,https://www.vasilievlogistics.com,
1081,b81b20b9-05bb-4a42-8152-5051e95a61a0,Referral - Tawhiri Technology SA,Tawhiri Technology SA,Wayne Tawhiri,wayne.tawhiri@tawhiri.com,Operations Manager,+64 271 804 8017,+64 632 747 8097,7399 Cambridge Terrace,Suite 409,Nuhaka,Hawke's Bay,4165,New Zealand,https://www.tawhiritechnology.com,
1082,831b8048-cfe1-4b29-937d-67a22fb86315,Inbound Lead - Ferretti Technology AB,Ferretti Technology AB,Federico Ferretti,federico.ferretti@hotmail.com,Procurement Manager,+39 513 198 9918,,1035 Via Galileo Galilei,,Squillani,Campania,83016,Italy,https://www.ferrettitechnology.com,
1083,72ca9e6c-1b42-47e8-a330-c6a83d33e14c,Referral - Johnson Energy SA,Johnson Energy SA,Victoria Johnson,victoria.johnson@johnson.com,Sales Manager,+61 328 478 3799,,6711 Torrens Road,,Moonem,New South Wales,2472,Australia,https://www.johnsonenergy.com,
1084,0565ad94-2931-4d3f-8e7e-108d4b836dc6,Outbound Lead - Kalinichenko Healthcare Inc,Kalinichenko Healthcare Inc,Vadym Kalinichenko,vadym.kalinichenko@kalinichenko.com,COO,+380 495 415 8393,,6742 вулиця Лук'янівська,,Милашенкове,Poltavska,37666,Ukraine,https://www.kalinichenkohealthcare.com,
1085,0f116608-6206-465d-9337-c7f813df4749,Inquiry - Chang Logistics Corp,Chang Logistics Corp,Kyung-sook Chang,kyungsook.chang@chang.com,Business Development Manager,+82 694 888 7507,+82 216 101 5553,83 월계로 (Wolgye-ro),Suite 257,구리시,경기도,11927,South Korea,https://www.changlogistics.com,
1086,2842edcb-ed86-4269-b3fa-281686b23e12,Partnership - Te Hau Retail Corp,Te Hau Retail Corp,Eva Te Hau,eva.tehau@tehau.com,Sales Manager,+64 640 465 3425,,2903 Pohutukawa Avenue,Suite 403,Drury,Auckland,2247,New Zealand,https://www.tehauretail.com,
1087,49729f77-5873-45ee-9a44-cfb10949ef1d,Opportunity - Vikman Hospitality LLC,Vikman Hospitality LLC,Ella Vikman,ella.vikman@gmail.com,Procurement Manager,+46 912 382 3807,+46 969 968 6220,272 Hagvägen,Suite 338,Gnosjö,Jönköping,335 01,Sweden,https://www.vikmanhospitality.com,
1088,92e52ac2-5ca4-480e-bfa7-92ca6f60b2f5,Partnership - Gruber Education Pty Ltd,Gruber Education Pty Ltd,Milena Gruber,milena.gruber@gruber.com,COO,+43 590 111 8325,,5074 Hoher Markt,,Gaisbuchen,Oberösterreich,4723,Austria,https://www.grubereducation.com,
1089,72084299-35c2-4bd4-beb0-9431a03ce302,Partnership - Campos Automotive Corp,Campos Automotive Corp,Nerea Campos,nerea.campos@campos.com,CTO,+34 185 680 8040,,5760 Calle del Carmen,Suite 474,"Muñosa, La",Comunidad Valenciana,03360,Spain,https://www.camposautomotive.com,
1090,c731646e-1dba-4107-bbdf-2b1f84329ac7,RFP - Montanari Technology Ltd,Montanari Technology Ltd,Piero Montanari,piero.montanari@hotmail.com,CFO,+39 699 728 5729,+39 664 533 1769,2400 Via San Paolo,,Laglio,Lombardia,22010,Italy,https://www.montanaritechnology.com,
1091,992d5fb6-ebe4-496a-b83a-0ef4ea26c84b,RFP - Cox Healthcare SA,Cox Healthcare SA,Bernard Cox,bernard.cox@cox.com,Managing Director,+1 177 275 9085,+1 420 850 6831,4235 Kensington Avenue,,Winnipeg,Manitoba,R2W,Canada,https://www.coxhealthcare.com,
1092,3e0fd9a7-0716-4d76-811b-356475150456,Outbound Lead - Ventura Real Estate AB,Ventura Real Estate AB,Camillo Ventura,camillo.ventura@ventura.com,CEO,+39 909 670 1890,+39 898 813 6177,1678 Via Bellini,Suite 92,Chiaserna,Marche,61044,Italy,https://www.venturarealestate.com,
1093,19c5798c-fb49-40cd-80e6-6073de524fa8,Inbound Lead - González Finance SA,González Finance SA,Elsa González,elsa.gonzlez@hotmail.com,Sales Manager,+34 721 184 9147,+34 619 965 4746,2912 Calle Alcalá,,Vilademuls,Cataluna,17468,Spain,https://www.gonzlezfinance.com,
1094,d8fc0297-b57f-4939-8350-b670ae659c75,Opportunity - Peter Finance Corp,Peter Finance Corp,Anton Peter,anton.peter@outlook.com,Managing Director,+41 896 694 8418,,5531 Aarestrasse,,Grandson,Canton de Vaud,1422,Switzerland,https://www.peterfinance.com,
1095,594964e5-c262-4420-b7de-f7bd7f8093cb,Opportunity - Jung Hospitality SA,Jung Hospitality SA,Clara Jung,clara.jung@gmail.com,Marketing Director,+43 391 885 4154,+43 366 327 1551,5390 Schillerplatz,,Schaflahn,Niederösterreich,3223,Austria,https://www.junghospitality.com,
1096,3a7be20f-7bdf-4f85-a573-6d64be18d071,RFP - Bednarek Energy SA,Bednarek Energy SA,Stanisław Bednarek,stanisaw.bednarek@bednarek.com,COO,+48 140 172 6965,+48 554 640 4872,727 Aleja Niepodległości,,Pleśna,West Pomerania,76-038,Poland,https://www.bednarekenergy.com,
1097,91fc13ec-e311-4a28-b503-f5fe32c5b72a,Demo Request - Thompson Consulting SA,Thompson Consulting SA,Florence Thompson,florence.thompson@thompson.com,COO,+1 209 592 8411,,9557 Colonial Drive,,Fresno,California,93709,United States,https://www.thompsonconsulting.com,
1098,54ea98a8-19ef-4787-a2ec-0707567a5a27,Outbound Lead - Álvarez Finance SA,Álvarez Finance SA,Juana Álvarez,juana.lvarez@lvarez.com,Marketing Director,+57 550 763 8193,,7972 Calle 20,,La Jagua De Ibirico,Cesar,203027,Colombia,https://www.lvarezfinance.com,
1099,f2288c00-cb46-4dd6-ba45-e8b9e7e930cf,Trade Show - de Souza Automotive Inc,de Souza Automotive Inc,Felipe de Souza,felipe.desouza@desouza.com,Procurement Manager,+55 645 511 9357,+55 196 805 8393,7045 Rua Augusta,Suite 14,Conquista,Minas Gerais,38195-000,Brazil,https://www.desouzaautomotive.com,
1100,b9ee2142-6ce5-4097-a05f-fe8b80f43213,Quote Request - Castaldo Food & Beverage Corp,Castaldo Food & Beverage Corp,Ornella Castaldo,ornella.castaldo@yahoo.com,Operations Manager,+39 564 193 5497,+39 971 586 3524,8130 Via Indipendenza,,Santa Lucia,Toscana,51010,Italy,https://www.castaldofoodbeverage.com,
1101,36e6937d-9a48-4aec-9c30-b7fe36ab0bf2,Inquiry - Hodges Manufacturing Inc,Hodges Manufacturing Inc,Evan Hodges,evan.hodges@hodges.com,General Manager,+1 407 473 3231,+1 538 847 5021,7155 Georgia Street,,St-Louis-de-Kent,New Brunswick,E4X,Canada,https://www.hodgesmanufacturing.com,
1102,a71fc075-a1d7-498e-84bf-e7b5834995fa,Quote Request - Jackson Logistics Inc,Jackson Logistics Inc,Nicholas Jackson,nicholas.jackson@jackson.com,Sales Manager,+64 924 140 9172,+64 281 511 6901,4198 Great North Road,,Murchison,"""""",7049,New Zealand,https://www.jacksonlogistics.com,
1103,9111f9f4-6f78-4b84-bb75-d1a4dda4732e,Outbound Lead - Powell Real Estate Ltd,Powell Real Estate Ltd,Meredith Powell,meredith.powell@gmail.com,HR Director,+1 814 409 5479,+1 514 581 8913,7794 Industrial Boulevard,,Rochester,Minnesota,55905,United States,https://www.powellrealestate.com,
1104,c44bd644-9755-4d0c-8de1-cbb53f154277,Outbound Lead - Williams Real Estate BV,Williams Real Estate BV,Dikeledi Williams,dikeledi.williams@williams.com,CFO,+27 542 496 2323,+27 345 270 7600,5121 Witkoppen Road,,Polokwane,"""""",0699,South Africa,https://www.williamsrealestate.com,
1105,0c7fb79e-9e70-403b-9190-d4f3e36d1f6c,Opportunity - Pascual Energy Corp,Pascual Energy Corp,Emilio Pascual,emilio.pascual@pascual.com,VP of Sales,+34 875 113 4205,+34 107 805 5348,3482 Calle de Dalí,,"Fuente San Esteban, La",Castilla - Leon,37207,Spain,https://www.pascualenergy.com,
1106,6ac3a8c2-8082-4af9-a7b0-ded4203bc9af,Demo Request - Duda Healthcare BV,Duda Healthcare BV,Aurelia Duda,aurelia.duda@duda.com,Product Manager,+48 218 259 8507,+48 248 250 5007,8213 ulica Lubelska,,Popielewo-Folwark,Greater Poland,62-560,Poland,https://www.dudahealthcare.com,
1107,5d4ae159-bd94-4cb9-9ded-5b16514f2aba,Opportunity - Bosmans Automotive SA,Bosmans Automotive SA,Zoe Bosmans,zoe.bosmans@hotmail.com,IT Director,+32 551 407 1819,+32 982 729 4365,7518 Chaussée de Louvain,Suite 107,Bourseigne-Neuve,Wallonie,5575,Belgium,https://www.bosmansautomotive.com,
1108,a267b940-7089-4d94-a49c-0e4912329f4c,Demo Request - Byun Automotive AG,Byun Automotive AG,A-ra Byun,ara.byun@byun.com,CFO,+82 967 818 4654,+82 664 374 4187,7603 영등포로 (Yeongdeungpo-ro),,중랑구,서울특별시,02143,South Korea,https://www.byunautomotive.com,
1109,665684f9-96f2-4865-a3d0-95211027ed88,Referral - Winter Hospitality AB,Winter Hospitality AB,Leonie Winter,leonie.winter@winter.com,Product Manager,+43 345 288 1416,+43 442 503 3637,6143 Grinzinger Straße,,Waldhäuser,Oberösterreich,4184,Austria,https://www.winterhospitality.com,
1110,a6837633-8e6f-43ec-88c6-a727efd9e741,Inquiry - Sabatini Hospitality AG,Sabatini Hospitality AG,Matteo Sabatini,matteo.sabatini@sabatini.com,Procurement Manager,+39 912 606 4318,,7653 Via del Ponte,Suite 53,Ponte Ronca,Emilia-Romagna,40069,Italy,https://www.sabatinihospitality.com,
1111,40b5997d-bd99-4590-a611-e6b7ef5cea32,Inbound Lead - Simmer Logistics Ltd,Simmer Logistics Ltd,Antonia Simmer,antonia.simmer@simmer.com,Marketing Director,+43 591 931 2671,+43 942 579 1206,5945 Seilerstätte,Suite 404,Rottenhof,Niederösterreich,3681,Austria,https://www.simmerlogistics.com,
1112,dd21dcfc-01e5-4460-80b4-09b3cf52c563,Demo Request - Pashchenko Logistics Pty Ltd,Pashchenko Logistics Pty Ltd,Arseniy Pashchenko,arseniy.pashchenko@gmail.com,Product Manager,+380 415 404 1341,+380 520 680 2378,9169 вулиця Героїв УПА,Suite 425,Височанка,Ivano-Frankivska,77167,Ukraine,https://www.pashchenkologistics.com,
1113,0cb202de-1bcb-419b-9ea1-00256894e6bc,Outbound Lead - Ferstl Education LLC,Ferstl Education LLC,Luisa Ferstl,luisa.ferstl@ferstl.com,IT Director,+43 466 665 8710,+43 454 980 7372,3567 Feldkirchner Straße,Suite 199,Unterperfuss,Tirol,6178,Austria,https://www.ferstleducation.com,
1114,99713488-b25e-40b1-bb10-82f90e5fb421,Demo Request - Parra Education LLC,Parra Education LLC,Diego Parra,diego.parra@parra.com,Managing Director,+57 167 855 6605,+57 676 311 6453,6137 Calle 12,,El Roble,Sucre,705057,Colombia,https://www.parraeducation.com,
1115,47ca8a70-01e0-46f9-8c78-4a2a46e9d2b9,Demo Request - Malinga Telecommunications LLC,Malinga Telecommunications LLC,Zakhele Malinga,zakhele.malinga@gmail.com,CTO,+27 821 649 7389,+27 430 685 3671,6974 Jorrissen Street,Suite 132,Johannesburg,"""""",2031,South Africa,https://www.malingatelecommunications.com,
1116,5e60ea51-1303-4f42-975a-a248e12a53d6,Opportunity - Romero Finance AG,Romero Finance AG,Justin Romero,justin.romero@romero.com,Managing Director,+1 730 406 1133,,5796 Lake Shore Boulevard,,Mississauga,Ontario,L5N,Canada,https://www.romerofinance.com,
1117,580218a8-5111-4456-b165-ff874819c4e4,RFP - Peralta Food & Beverage Inc,Peralta Food & Beverage Inc,Ian Peralta,ian.peralta@peralta.com,General Manager,+54 389 322 1477,,6230 Calle Moreno,,JUME ESQUINA,Santiago Del Estero,4354,Argentina,https://www.peraltafoodbeverage.com,
1118,cb13010f-05e5-4e2a-acd6-ce3ef2b16ac2,Referral - Mathebula Retail AB,Mathebula Retail AB,Olebogeng Mathebula,olebogeng.mathebula@outlook.com,Product Manager,+27 995 680 2548,+27 333 258 8692,5536 Rhodes Avenue,,Oudtshoorn,"""""",6625,South Africa,https://www.mathebularetail.com,
1119,b3bb9f56-892d-42e7-8bc5-9099c50de3f4,Outbound Lead - Söderlund Automotive Pty Ltd,Söderlund Automotive Pty Ltd,Johannes Söderlund,johannes.sderlund@yahoo.com,VP of Sales,+46 278 239 2452,+46 521 358 8045,4843 Valhallavägen,Suite 389,Åkersberga,Stockholm,184 92,Sweden,https://www.sderlundautomotive.com,
1120,3991448d-ed98-4fe9-9235-297ab95a00e9,Inbound Lead - Janssens Finance Corp,Janssens Finance Corp,Alfons Janssens,alfons.janssens@yahoo.com,CFO,+32 873 237 3798,+32 106 511 3334,1384 Rue deLivourne,,Rouvreux,Wallonie,4140,Belgium,https://www.janssensfinance.com,
1121,58aaecb6-ab08-4514-b780-6221207a5c3a,Quote Request - Francois Education BV,Francois Education BV,Luc Francois,luc.francois@francois.com,Procurement Manager,+32 948 534 5271,,498 Winston Churchilllaan,,Westvleteren,Vlaanderen,8640,Belgium,https://www.francoiseducation.com,
1122,9ea84e69-8a81-44ae-8ba1-1233013f64a3,Inbound Lead - Swart Food & Beverage Inc,Swart Food & Beverage Inc,Kgaugelo Swart,kgaugelo.swart@swart.com,Operations Manager,+27 735 124 8829,+27 762 595 7455,6474 Buitenkant Street,,Mtubatuba,"""""",3935,South Africa,https://www.swartfoodbeverage.com,
1123,7a3dce53-d1c1-4350-bbfa-139e1bc0f48e,Inbound Lead - Silveira Consulting BV,Silveira Consulting BV,Luiza Silveira,luiza.silveira@silveira.com,CTO,+55 881 745 8998,+55 995 432 8637,9636 Rua Treze de Maio,,General Câmara,Rio Grande do Sul,95820-000,Brazil,https://www.silveiraconsulting.com,
1124,11dab00c-348e-4dc1-ac3d-4884b0551b71,Outbound Lead - Moser Media AB,Moser Media AB,Erna Moser,erna.moser@yahoo.com,Business Development Manager,+43 395 230 3785,,1595 Graben,,Gnies,Steiermark,8261,Austria,https://www.mosermedia.com,
1125,e249d6ac-0da3-40e7-83f6-5a15150d789f,Inquiry - Van Wyk Technology AB,Van Wyk Technology AB,Sipho Van Wyk,sipho.vanwyk@vanwyk.com,VP of Sales,+27 744 140 4309,,3910 Railway Street,,Bethal,"""""",2309,South Africa,https://www.vanwyktechnology.com,
1126,458e9841-14c0-4ed6-9583-59a1844effa9,Quote Request - Mokwena Energy AB,Mokwena Energy AB,Lebohang Mokwena,lebohang.mokwena@mokwena.com,IT Director,+27 269 542 2043,,7393 Marlboro Drive,,Klerksdorp,"""""",2577,South Africa,https://www.mokwenaenergy.com,
1127,b91bd100-18c4-4f8c-a751-756eac2353c6,Inquiry - Barrionuevo Healthcare SA,Barrionuevo Healthcare SA,Mariana Barrionuevo,mariana.barrionuevo@outlook.com,IT Director,+54 205 301 7885,,1266 Calle Rodríguez Peña,Suite 348,ARROYITO CHALLACO,Neuquen,8313,Argentina,https://www.barrionuevohealthcare.com,
1128,80c69970-27c3-4f8b-ac5c-3f4e45574eb6,RFP - Filippov Real Estate Inc,Filippov Real Estate Inc,Andrei Filippov,andrei.filippov@filippov.com,IT Director,+7 835 457 1700,,6186 проспект Вернадского,,Плодовитое,Калмыкия Республика,359422,Russia,https://www.filippovrealestate.com,
1129,39cb015a-5203-4af8-875c-a2f30881fbb0,Trade Show - Maes Media AG,Maes Media AG,Nina Maes,nina.maes@gmail.com,VP of Sales,+32 591 148 8070,+32 230 389 6513,262 Avenue Molière,,Gérin,Wallonie,5524,Belgium,https://www.maesmedia.com,
1130,f3b65f6b-955d-40ec-be67-ef3fd0a89aa3,Trade Show - Danylenko Consulting AB,Danylenko Consulting AB,Orest Danylenko,orest.danylenko@danylenko.com,HR Director,+380 326 221 8747,,3048 проспект Космонавтів,,Довге,Lvivska,82196,Ukraine,https://www.danylenkoconsulting.com,
1131,291fc5bf-2f85-4f0a-bcef-c3e5067d37f4,Opportunity - Herzog Education Inc,Herzog Education Inc,Linus Herzog,linus.herzog@herzog.com,Managing Director,+41 464 894 1431,+41 945 235 7485,603 Via Lugano,,Vogorno,Ticino,6632,Switzerland,https://www.herzogeducation.com,
1132,5e759866-8931-48ad-976a-5d5e31f2c804,Referral - Gerasymenko Consulting SA,Gerasymenko Consulting SA,Semen Gerasymenko,semen.gerasymenko@outlook.com,CTO,+380 213 261 7895,+380 121 214 1497,7526 проспект Науки,Suite 116,Слобода-Гулівська,Vinnytska,23068,Ukraine,https://www.gerasymenkoconsulting.com,
1133,daf0cce7-14f1-4eec-8cf0-59d852293e97,Demo Request - Baumgartner Real Estate BV,Baumgartner Real Estate BV,Theresia Baumgartner,theresia.baumgartner@baumgartner.com,Procurement Manager,+43 144 376 2720,,4500 Obere Donaustraße,Suite 158,Ströblberg,Oberösterreich,4623,Austria,https://www.baumgartnerrealestate.com,
1134,519813c5-5937-4ab8-ab6c-010dd1428597,Inbound Lead - Bogaerts Automotive LLC,Bogaerts Automotive LLC,Agathe Bogaerts,agathe.bogaerts@bogaerts.com,Marketing Director,+32 918 670 6221,+32 957 587 4953,2244 Kartuizersstraat,,Vliermaalroot,Vlaanderen,3721,Belgium,https://www.bogaertsautomotive.com,
1135,237bb598-2bc3-48f2-a991-9c96ca934971,RFP - Snyder Energy Pty Ltd,Snyder Energy Pty Ltd,Preston Snyder,preston.snyder@snyder.com,Operations Manager,+1 615 332 2555,,4203 Pearl Street,,Huntington Beach,California,92648,United States,https://www.snyderenergy.com,
1136,44b58493-b770-4acd-9fe8-c97aa99ceab9,Outbound Lead - Flores Media LLC,Flores Media LLC,Germán Flores,germn.flores@flores.com,IT Director,+57 392 744 7135,+57 355 980 2069,7686 Calle 85,,Orito,Putumayo,862007,Colombia,https://www.floresmedia.com,
1137,13a42fbb-20a2-4743-afdc-8a6a4d7354af,Opportunity - Thomson Consulting AG,Thomson Consulting AG,Luke Thomson,luke.thomson@hotmail.com,Sales Manager,+61 865 626 6554,,4791 Victoria Street Kings Cross,Suite 53,Wyan,New South Wales,2469,Australia,https://www.thomsonconsulting.com,
1138,03740f89-a8e1-487b-b910-2be846a28e41,Outbound Lead - Stone Retail Ltd,Stone Retail Ltd,Marley Stone,marley.stone@hotmail.com,VP of Sales,+61 246 220 5344,+61 553 539 3180,2552 High Street,,Birtinya,Queensland,4575,Australia,https://www.stoneretail.com,
1139,8252fc32-8d31-49be-afb2-25c0957dba3d,Outbound Lead - Vega Telecommunications BV,Vega Telecommunications BV,Ramiro Vega,ramiro.vega@vega.com,CFO,+54 589 675 2564,,1855 Avenida del Libertador,,PIEDRAS ANCHAS,Cordoba,5287,Argentina,https://www.vegatelecommunications.com,
1140,7ceedfed-0826-4ce2-a666-0d93f8d53cf0,Inquiry - Sala Education Ltd,Sala Education Ltd,Aldo Sala,aldo.sala@sala.com,Business Development Manager,+39 765 493 5525,+39 184 499 5640,9159 Piazza Dante,,Landriano,Lombardia,27015,Italy,https://www.salaeducation.com,
1141,cad683b2-7855-415a-a960-a0acafc29672,Opportunity - Lewis Real Estate AB,Lewis Real Estate AB,George Lewis,george.lewis@lewis.com,Marketing Director,+61 760 384 2198,+61 283 390 1959,4176 Parramatta Road,Suite 420,Wellington,New South Wales,2820,Australia,https://www.lewisrealestate.com,
1142,631cde70-6b38-4150-b9d0-13b735795831,Demo Request - Lechner Education Ltd,Lechner Education Ltd,Edith Lechner,edith.lechner@yahoo.com,Operations Manager,+43 857 713 6378,,5612 Berggasse,,Gmain,Oberösterreich,4170,Austria,https://www.lechnereducation.com,
1143,feb7642d-a67d-448d-b25b-2f1ca67c04b5,Inbound Lead - Dmitriev Consulting Corp,Dmitriev Consulting Corp,Uliana Dmitriev,uliana.dmitriev@gmail.com,Managing Director,+7 438 936 5854,,8017 Ленинградский проспект,,Бельтырский 1,Хакасия Республика,655711,Russia,https://www.dmitrievconsulting.com,
1144,ea4ac453-575d-432d-9a8f-5debd5f9976e,Referral - Rangi Consulting Pty Ltd,Rangi Consulting Pty Ltd,Joshua Rangi,joshua.rangi@outlook.com,Procurement Manager,+64 607 779 4760,+64 553 648 2991,3974 Manners Street,Suite 85,Marton,Manawatu-Wanganui,4710,New Zealand,https://www.rangiconsulting.com,
1145,b28c12b9-4cb3-4dd1-83cf-579ea9bb2b69,Demo Request - Bailey Energy SA,Bailey Energy SA,Maddox Bailey,maddox.bailey@outlook.com,CEO,+61 658 792 1496,+61 716 110 7249,4702 Anzac Parade,Suite 23,Wirrimah,New South Wales,2803,Australia,https://www.baileyenergy.com,
1146,9f53261d-3375-43e5-be81-28d50a7eeecc,Quote Request - Marques Automotive Inc,Marques Automotive Inc,Joaquim Marques,joaquim.marques@outlook.com,IT Director,+55 339 543 6541,,3694 Rua Senador Feijó,,Tianguá,Ceara,62320-000,Brazil,https://www.marquesautomotive.com,
1147,da5ceab4-9b98-48d7-9c29-fa08ff634717,Inbound Lead - Romano Technology BV,Romano Technology BV,Dante Romano,dante.romano@romano.com,Procurement Manager,+54 579 842 8484,+54 846 626 7674,2410 Avenida Patricios,,CASILLA DEL MEDIO,Santiago Del Estero,4306,Argentina,https://www.romanotechnology.com,
1148,b746aa97-658e-4a3c-94eb-ceb5a0f22b1b,Referral - Koller Retail Ltd,Koller Retail Ltd,Brigitte Koller,brigitte.koller@koller.com,CFO,+43 901 252 2309,+43 667 133 7294,6878 Lange Gasse,,Steinbrücken,Kärnten,9300,Austria,https://www.kollerretail.com,
1149,8216cce9-af85-43ae-9286-eeefd998355f,Opportunity - Schwarz Food & Beverage GmbH,Schwarz Food & Beverage GmbH,Charlotte Schwarz,charlotte.schwarz@schwarz.com,IT Director,+41 314 537 1366,+41 148 443 8800,7730 Unterdorfstrasse,,Roche VD,Canton de Vaud,1852,Switzerland,https://www.schwarzfoodbeverage.com,
1150,852eea27-0f8c-4842-9518-c646cd157890,Inbound Lead - Maritz Retail Inc,Maritz Retail Inc,Phila Maritz,phila.maritz@maritz.com,CTO,+27 622 819 6171,+27 187 725 3469,5661 Durban Road,,Durban,"""""",4309,South Africa,https://www.maritzretail.com,
1151,cf3dc309-cb4a-4e6e-90b9-8bbe11bcf62a,Outbound Lead - Lindner Technology Ltd,Lindner Technology Ltd,Paul Lindner,paul.lindner@lindner.com,Business Development Manager,+43 496 743 4794,,63 Lazarettgasse,Suite 359,Kohldorf,Steiermark,8081,Austria,https://www.lindnertechnology.com,
1152,96289187-14f1-49d2-9820-da3fa3038560,Opportunity - Nordström Healthcare Pty Ltd,Nordström Healthcare Pty Ltd,Christian Nordström,christian.nordstrm@gmail.com,Product Manager,+46 641 582 9117,+46 557 324 4328,7188 Karlavägen,,Finspång,Östergötland,612 44,Sweden,https://www.nordstrmhealthcare.com,
1153,7a40472d-30b0-4cf6-af95-740da75c2fbc,Partnership - Maximov Education Corp,Maximov Education Corp,Elena Maximov,elena.maximov@gmail.com,COO,+7 847 973 6265,+7 419 987 1179,9533 Новая улица,,Поляне,Псковская Область,181382,Russia,https://www.maximoveducation.com,
1154,683a547c-d4e5-4eec-b14f-1c2650e78eb4,Trade Show - Pelliccia Hospitality GmbH,Pelliccia Hospitality GmbH,Giada Pelliccia,giada.pelliccia@pelliccia.com,Product Manager,+39 321 792 9364,+39 241 832 8211,7704 Via Raffaello,,San Pietro In Lama,Puglia,73010,Italy,https://www.pellicciahospitality.com,
1155,7b7edeeb-e8de-4298-8cd0-b40f68f16bdf,Inquiry - Lang Automotive AB,Lang Automotive AB,Jonathan Lang,jonathan.lang@gmail.com,CTO,+41 578 711 2118,+41 727 355 4355,8373 Spitalgasse,Suite 336,Niederwil SO,Kanton Solothurn,4523,Switzerland,https://www.langautomotive.com,
1156,755f51c7-1b56-4e62-9f21-40ab90057d75,Partnership - Kawhia Food & Beverage AB,Kawhia Food & Beverage AB,Lisa Kawhia,lisa.kawhia@yahoo.com,Sales Manager,+64 562 826 6340,,6614 Otahuhu Road,,Rehia,Northland,0592,New Zealand,https://www.kawhiafoodbeverage.com,
1157,aaea548f-f0a6-47fb-9da6-1cdb053d01fe,Opportunity - Gentili Healthcare BV,Gentili Healthcare BV,Valentino Gentili,valentino.gentili@yahoo.com,VP of Sales,+39 672 165 3265,,7435 Via dei Martiri,,Mili Marina,Sicilia,98131,Italy,https://www.gentilihealthcare.com,
1158,7ad0acaa-497c-4549-9bb7-2f6acd1789f7,Inbound Lead - Castaño Finance BV,Castaño Finance BV,Valentina Castaño,valentina.castao@castao.com,HR Director,+57 255 171 4946,+57 467 289 9773,5594 Calle 47,,Salamina,Caldas,172001,Colombia,https://www.castaofinance.com,
1159,cbad5095-75db-4edd-8b5b-23d3aea298fb,Outbound Lead - Barker Food & Beverage Ltd,Barker Food & Beverage Ltd,Penelope Barker,penelope.barker@barker.com,CTO,+61 925 123 8018,+61 865 101 3368,6985 Given Terrace,,Raglan,Victoria,3373,Australia,https://www.barkerfoodbeverage.com,
1160,be4d8a9d-967a-41c9-b19a-d3e2345d5b79,Trade Show - Carballo Energy Pty Ltd,Carballo Energy Pty Ltd,Benicio Carballo,benicio.carballo@carballo.com,Managing Director,+54 953 952 2702,+54 621 614 2088,8027 Avenida Cabildo,,SAN GABRIEL,Tucuman,4134,Argentina,https://www.carballoenergy.com,
1161,92fd466c-087d-470e-943f-dce89264f2cd,Partnership - Aragão Automotive AG,Aragão Automotive AG,Pietro Aragão,pietro.arago@yahoo.com,IT Director,+55 853 783 6111,,488 Rua Maria Antônia,,Garrafão do Norte,Para,68665-000,Brazil,https://www.aragoautomotive.com,
1162,9fc91506-a21e-4fa7-a46d-6f6c5a318480,RFP - Graf Food & Beverage LLC,Graf Food & Beverage LLC,Nicola Graf,nicola.graf@graf.com,Sales Manager,+41 132 972 4035,,8253 Habsburgstrasse,,Les Monts-de-Corsier,Canton de Vaud,1808,Switzerland,https://www.graffoodbeverage.com,
1163,52edc53e-d04c-4a6c-8bd9-f76a762a1538,Inbound Lead - Awa Healthcare SA,Awa Healthcare SA,Evelyn Awa,evelyn.awa@gmail.com,CTO,+64 188 498 9735,+64 392 954 5764,4166 Pukeko Street,,Mount Cargill,Otago,9085,New Zealand,https://www.awahealthcare.com,
1164,b6c2dbdf-af3e-417c-9dff-66dc517b77e8,RFP - Lorenzo Manufacturing Corp,Lorenzo Manufacturing Corp,Susana Lorenzo,susana.lorenzo@yahoo.com,Marketing Director,+34 644 539 6957,+34 767 491 2224,5783 Avenida de José Antonio,,Villarramiro,Castilla - Leon,34170,Spain,https://www.lorenzomanufacturing.com,
1165,3edb47e3-9ed3-416d-8bed-61d2c130f276,Referral - Brito Technology Corp,Brito Technology Corp,Marta Brito,marta.brito@hotmail.com,Managing Director,+55 361 952 2459,+55 299 886 5218,1929 Praça dos Três Poderes,Suite 175,Macieira,Santa Catarina,89518-000,Brazil,https://www.britotechnology.com,
1166,78e0a3b5-7794-4360-9cf0-b48656307922,Partnership - Strauss Technology AB,Strauss Technology AB,Luke Strauss,luke.strauss@outlook.com,Managing Director,+27 867 904 4540,+27 809 945 7959,7987 Kruis Street,,Excelsior,"""""",9760,South Africa,https://www.strausstechnology.com,
1167,642c17a0-35c0-4cce-bf1f-cf7bd1f5eb29,Demo Request - Aeschlimann Energy Corp,Aeschlimann Energy Corp,Noemi Aeschlimann,noemi.aeschlimann@aeschlimann.com,VP of Sales,+41 866 305 1938,,2306 Via Stazione,,Soulce,Jura,2864,Switzerland,https://www.aeschlimannenergy.com,
1168,bd6607a3-3fd2-4143-bbc8-4782dd59c58e,Outbound Lead - Serafin Real Estate SA,Serafin Real Estate SA,Edyta Serafin,edyta.serafin@hotmail.com,Business Development Manager,+48 923 733 6050,,5387 ulica Krakowskie Przedmieście,Suite 471,Piła,Greater Poland,64-920,Poland,https://www.serafinrealestate.com,
1169,bae9c71a-7724-41ce-a198-43845b6a5700,Outbound Lead - Porter Energy BV,Porter Energy BV,Riley Porter,riley.porter@hotmail.com,Managing Director,+1 169 627 9258,+1 798 943 5167,8585 Broad Street,,Saint Paul,Minnesota,55108,United States,https://www.porterenergy.com,
1170,0e5f2c06-ce25-41e2-a0b0-6cbd24923730,Referral - Kozak Media GmbH,Kozak Media GmbH,Tamara Kozak,tamara.kozak@kozak.com,Product Manager,+380 162 264 6217,+380 633 845 7541,3100 вулиця Хмельницького,,Новоукраїнка,Zaporizka,71323,Ukraine,https://www.kozakmedia.com,
1171,ff4cb7b7-5c82-4135-a546-72732b9ebe52,Outbound Lead - Morrison Telecommunications Pty Ltd,Morrison Telecommunications Pty Ltd,Frank Morrison,frank.morrison@morrison.com,IT Director,+1 918 728 8536,+1 211 133 5446,5216 Vista Drive,Suite 304,Honolulu,Hawaii,96840,United States,https://www.morrisontelecommunications.com,
1172,1d67459c-2934-4f98-95ca-3db6f1418ab1,Inquiry - Peña Real Estate Ltd,Peña Real Estate Ltd,Enrique Peña,enrique.pea@pea.com,COO,+57 602 523 1596,,7436 Calle 53,,San Mateo,Boyaca,151201,Colombia,https://www.pearealestate.com,
1173,9b6107ed-7bf0-4314-aa43-2d1438bd3d98,Outbound Lead - Martens Hospitality Pty Ltd,Martens Hospitality Pty Ltd,Joris Martens,joris.martens@martens.com,General Manager,+32 414 501 3964,+32 182 627 9175,9792 Stassartstraat,Suite 420,Mont,Wallonie,5530,Belgium,https://www.martenshospitality.com,
1174,52d02b5b-a51a-4f2e-8de4-0d1da2c29efb,Opportunity - Serhiyenko Hospitality Inc,Serhiyenko Hospitality Inc,Sofia Serhiyenko,sofia.serhiyenko@serhiyenko.com,CTO,+380 472 451 3598,,2568 вулиця Рейтарська,Suite 185,Іванівка,Zhytomyrska,12769,Ukraine,https://www.serhiyenkohospitality.com,
1175,d6e01fb4-3840-43a2-8a5c-30cfa6f1afec,Quote Request - Kim Finance GmbH,Kim Finance GmbH,Ji-yeon Kim,jiyeon.kim@kim.com,Product Manager,+82 407 739 9020,+82 121 853 3374,848 신도림로 (Sindorim-ro),,부천시,경기도,14512,South Korea,https://www.kimfinance.com,
1176,9518bcfb-c6fa-450a-91b2-1bd86f2deb3a,Referral - Mykytenko Energy Corp,Mykytenko Energy Corp,Larysa Mykytenko,larysa.mykytenko@mykytenko.com,Operations Manager,+380 285 869 1289,,8272 вулиця Набережно-Хрещатицька,Suite 339,Веселий Кут,Cherkaska,20414,Ukraine,https://www.mykytenkoenergy.com,
1177,3f874884-dee1-4a83-8090-7358ae7f5f80,Outbound Lead - Ilyin Manufacturing Ltd,Ilyin Manufacturing Ltd,Kira Ilyin,kira.ilyin@ilyin.com,Managing Director,+7 353 344 7938,+7 605 118 5974,7403 Радужная улица,Suite 73,Новосибирск 126,Новосибирская Область,630126,Russia,https://www.ilyinmanufacturing.com,
1178,f7556d0c-2f84-4db2-96d1-1d212e171175,Referral - Stjernberg Retail SA,Stjernberg Retail SA,Anneli Stjernberg,anneli.stjernberg@gmail.com,VP of Sales,+46 645 416 4074,+46 724 699 7248,2325 Torsgatan,,Bredbyn,Västernorrland,895 92,Sweden,https://www.stjernbergretail.com,
1179,4d501721-1676-4ae5-bb4c-e4f00ce3f95b,Referral - Matthews Education LLC,Matthews Education LLC,Ryan Matthews,ryan.matthews@matthews.com,Operations Manager,+1 299 309 8518,+1 622 939 4340,1480 Fourth Street,Suite 277,Oklahoma City,Oklahoma,73109,United States,https://www.matthewseducation.com,
1180,f3ba6792-4c4f-41b1-9500-afcbf91c7bc7,Trade Show - Lefebvre Telecommunications Corp,Lefebvre Telecommunications Corp,Laura Lefebvre,laura.lefebvre@lefebvre.com,Marketing Director,+32 215 310 5540,+32 951 564 4708,1808 Jetsesteenweg,,Denderwindeke,Vlaanderen,9400,Belgium,https://www.lefebvretelecommunications.com,
1181,8d3689ed-5057-46e0-87cb-4ee1bf0525a4,Quote Request - Vogel Energy BV,Vogel Energy BV,Hannah Vogel,hannah.vogel@vogel.com,CEO,+49 844 842 8479,,6863 Rathausstraße,,Kropstädt,Sachsen-Anhalt,06895,Germany,https://www.vogelenergy.com,
1182,41fd3f53-708b-40d3-a14a-33276e3a2e2e,Opportunity - Shestakov Retail AG,Shestakov Retail AG,Fedor Shestakov,fedor.shestakov@shestakov.com,Sales Manager,+7 344 184 7086,+7 654 822 2944,6030 Холмистая улица,,Бор,Кировская Область,613074,Russia,https://www.shestakovretail.com,
1183,5c5fce24-03dd-4042-9935-b3ced2741332,Trade Show - Groenewald Education Ltd,Groenewald Education Ltd,Hope Groenewald,hope.groenewald@hotmail.com,General Manager,+27 228 729 7907,,5043 Kloof Street,,Newcastle,"""""",2944,South Africa,https://www.groenewaldeducation.com,
1184,509a7a13-d1bd-4c4e-94db-98e7398aeae5,Opportunity - Mendoza Healthcare SA,Mendoza Healthcare SA,Connie Mendoza,connie.mendoza@mendoza.com,CFO,+1 405 233 2644,,5040 Taft Avenue,Suite 232,Pittsburgh,Pennsylvania,15250,United States,https://www.mendozahealthcare.com,
1185,82a86299-0ee4-4fec-b6cf-e6940cb3d6c0,Inquiry - Borghi Real Estate SA,Borghi Real Estate SA,Pasquale Borghi,pasquale.borghi@gmail.com,Managing Director,+39 601 123 2362,+39 480 989 6358,6981 Piazza Italia,Suite 265,San Salvo Marina,Abruzzi,66050,Italy,https://www.borghirealestate.com,
1186,d229f53b-d06b-4d0f-9fe7-d38d3040d541,Inquiry - Lang Food & Beverage SA,Lang Food & Beverage SA,Lotte Lang,lotte.lang@outlook.com,HR Director,+49 640 918 2882,+49 725 620 2540,5823 Kölner Straße,,Groß Rönnau,Schleswig-Holstein,23795,Germany,https://www.langfoodbeverage.com,
1187,03cccd29-ce9b-4c33-8516-f99d20117089,Opportunity - Wilson Education Pty Ltd,Wilson Education Pty Ltd,Annabelle Wilson,annabelle.wilson@wilson.com,Marketing Director,+61 862 831 9632,+61 453 435 8060,6144 Wynnum Road,,Newee Creek,New South Wales,2447,Australia,https://www.wilsoneducation.com,
1188,ef4f2f89-2cec-4bc6-9394-9e53236bfb86,Partnership - Barnard Technology BV,Barnard Technology BV,Onthatile Barnard,onthatile.barnard@yahoo.com,Business Development Manager,+27 339 750 1579,+27 746 369 1311,3303 Katherine Street,,Boksburg,"""""",1462,South Africa,https://www.barnardtechnology.com,
1189,7fdc5831-6c1d-4a2e-874d-73ccd1857568,Trade Show - León Education GmbH,León Education GmbH,Catalina León,catalina.len@len.com,Product Manager,+57 863 309 1319,,24 Carrera 74,,Obando,Valle Del Cauca,762501,Colombia,https://www.leneducation.com,
1190,60cd5bdd-dffa-4a68-b514-7abc0f314df7,RFP - Böhm Media Ltd,Böhm Media Ltd,Florian Böhm,florian.bhm@gmail.com,Sales Manager,+49 318 508 2875,+49 283 459 2791,226 Industriestraße,,Kaisborstel,Schleswig-Holstein,25560,Germany,https://www.bhmmedia.com,
1191,b8c95068-d113-4111-be86-4b84691f7961,Partnership - Becker Media AG,Becker Media AG,Pascoal Becker,pascoal.becker@outlook.com,Business Development Manager,+55 157 481 6018,,7817 Avenida Higienópolis,Suite 352,Marataízes,Espirito Santo,29345-000,Brazil,https://www.beckermedia.com,
1192,cce98bfc-542e-4679-917d-81770aa92fcd,Trade Show - Van der Linde Energy LLC,Van der Linde Energy LLC,Bakang Van der Linde,bakang.vanderlinde@hotmail.com,Managing Director,+27 321 256 3508,+27 437 260 2491,4819 Hendrik Potgieter Road,,eMalahleni,"""""",1038,South Africa,https://www.vanderlindeenergy.com,
1193,6961f7a5-b013-44e3-8a3d-f2bd0c3afd43,Inquiry - Hernandes Healthcare Corp,Hernandes Healthcare Corp,Ashley Hernandes,ashley.hernandes@hernandes.com,CTO,+1 568 799 2176,+1 710 991 6682,9574 Truman Road,Suite 42,New Hyde Park,New York,11044,United States,https://www.hernandeshealthcare.com,
1194,61617d1a-7890-46f3-8d32-451d5ca228ce,Partnership - Prammer Manufacturing Corp,Prammer Manufacturing Corp,Maria Prammer,maria.prammer@hotmail.com,Procurement Manager,+43 196 138 7442,,5187 Gürtel,,Hirtenfeld,Steiermark,8302,Austria,https://www.prammermanufacturing.com,
1195,20715d2a-ebba-4355-b8a7-19b5392d6f95,RFP - Davydov Logistics SA,Davydov Logistics SA,Natalya Davydov,natalya.davydov@davydov.com,VP of Sales,+7 148 650 7859,+7 729 641 4475,8011 Западная улица,,Кзыл-Яр,Татарстан Республика,423940,Russia,https://www.davydovlogistics.com,
1196,3ba2c8ad-81a4-47a4-bb6e-01bcfe8630d4,Referral - Murray Manufacturing AB,Murray Manufacturing AB,Fergus Murray,fergus.murray@murray.com,General Manager,+61 255 834 9855,+61 569 728 5220,9400 Boundary Street,Suite 382,Werri Beach,New South Wales,2534,Australia,https://www.murraymanufacturing.com,
1197,58db3be2-203f-4c68-b809-319c2c5274e2,Trade Show - Shevchenko Education SA,Shevchenko Education SA,Myroslav Shevchenko,myroslav.shevchenko@gmail.com,Business Development Manager,+380 383 159 3220,+380 797 860 4847,1561 проспект Леніна,,Новоселівка,Kharkivska,63085,Ukraine,https://www.shevchenkoeducation.com,
1198,a640286e-d617-42f1-b11f-920ae15ba0e9,Demo Request - Ramírez Technology LLC,Ramírez Technology LLC,Luz Marina Ramírez,luzmarina.ramrez@yahoo.com,Procurement Manager,+57 281 189 9200,,35 Calle 31,Suite 307,Cumaribo,Vichada,991059,Colombia,https://www.ramreztechnology.com,
1199,b3c64e9f-6849-4341-9556-5f938acacc67,RFP - Silva Energy Inc,Silva Energy Inc,Alma Silva,alma.silva@silva.com,Managing Director,+34 682 121 8278,,6448 Carrer de Balmes,,Gargantans,Galicia,36668,Spain,https://www.silvaenergy.com,
1200,d9aec1af-f162-4ef9-b123-83a8cc40bb5c,Outbound Lead - Gaiduk Real Estate Inc,Gaiduk Real Estate Inc,Bohdana Gaiduk,bohdana.gaiduk@gaiduk.com,Marketing Director,+380 339 584 7284,+380 535 646 2813,9278 вулиця Велика Васильківська,,Зайці,Chernihivska,15539,Ukraine,https://www.gaidukrealestate.com,
1201,ff440c6c-ec6e-418c-88d6-2754fd7e76d8,Partnership - Knight Retail Corp,Knight Retail Corp,Zoe Knight,zoe.knight@hotmail.com,VP of Sales,+61 303 778 7151,+61 486 838 9924,7277 Beaufort Street,,Bellambi,New South Wales,2518,Australia,https://www.knightretail.com,
1202,27e2e0de-5a0c-4c14-a8f4-604a97a07a16,Inbound Lead - Kramarenko Hospitality BV,Kramarenko Hospitality BV,Valentyna Kramarenko,valentyna.kramarenko@kramarenko.com,IT Director,+380 773 310 3772,,4915 вулиця Спаська,,Одеса,Odeska,65041,Ukraine,https://www.kramarenkohospitality.com,
1203,7d06aeb9-e4a7-4627-8be6-2ac216036318,Opportunity - Dumont Real Estate Ltd,Dumont Real Estate Ltd,Josiane Dumont,josiane.dumont@dumont.com,Managing Director,+32 885 596 5759,+32 758 494 4416,1031 Chaussée de Tervuren,Suite 271,Smeerebbe-Vloerzegem,Vlaanderen,9506,Belgium,https://www.dumontrealestate.com,
1204,24c09907-6b66-45ba-83ef-07a2db080b9a,Opportunity - Bravo Food & Beverage AB,Bravo Food & Beverage AB,Julia Bravo,julia.bravo@bravo.com,Business Development Manager,+34 149 426 7410,+34 966 777 2746,5756 Calle de Lagasca,Suite 210,Yunquera,Andalucia,29410,Spain,https://www.bravofoodbeverage.com,
1205,9799f1f7-59f1-4c8b-9a5d-6294014110cf,Inbound Lead - Joubert Healthcare Ltd,Joubert Healthcare Ltd,Kagiso Joubert,kagiso.joubert@joubert.com,HR Director,+27 529 229 7830,+27 415 914 5522,8396 Joubert Street,,Sibasa,"""""",0977,South Africa,https://www.jouberthealthcare.com,
1206,030e8e3d-89ed-48d8-9fb2-03b3a9a6a406,Opportunity - Berger Healthcare AG,Berger Healthcare AG,Regula Berger,regula.berger@berger.com,COO,+41 561 781 1939,,8254 Rue de l'Hôpital,,Calfreisen,Kanton Graubünden,7027,Switzerland,https://www.bergerhealthcare.com,
1207,12431404-13f4-48ea-a30f-6fb68c1efcba,Referral - Meyer Energy Ltd,Meyer Energy Ltd,Peter Meyer,peter.meyer@meyer.com,General Manager,+49 516 424 8568,+49 411 452 1801,4842 Hügelstraße,,Gemünd,Rheinland-Pfalz,54673,Germany,https://www.meyerenergy.com,
1208,921276d8-1dfc-477d-b17c-a806d8cc8f89,Partnership - Boone Consulting LLC,Boone Consulting LLC,Chloe Boone,chloe.boone@hotmail.com,Marketing Director,+32 747 147 2546,+32 541 205 6012,6764 Chaussée de Vilvoorde,,Louveigné,Wallonie,4920,Belgium,https://www.booneconsulting.com,
1209,e52de8ec-c3a6-4409-8f76-cbb1e849cfb0,Inbound Lead - Błaszczyk Technology Ltd,Błaszczyk Technology Ltd,Grzegorz Błaszczyk,grzegorz.baszczyk@baszczyk.com,CTO,+48 307 501 4718,+48 652 598 5210,3954 ulica Słowackiego,,Wrocław,Lower Silesia,54-007,Poland,https://www.baszczyktechnology.com,
1210,c9ffffd9-0153-4722-80b7-c3a38b959ae0,Inquiry - Te Rangi Healthcare Inc,Te Rangi Healthcare Inc,Ihaia Te Rangi,ihaia.terangi@terangi.com,COO,+64 777 513 9411,,5895 Hamilton Road,,Paerata,Auckland,2676,New Zealand,https://www.terangihealthcare.com,
1211,1a6c4c6d-aa17-4447-b403-43fe978a7c65,RFP - Niedermayer Logistics Inc,Niedermayer Logistics Inc,Philipp Niedermayer,philipp.niedermayer@outlook.com,CTO,+43 313 643 9591,+43 351 531 4127,1482 Rudolf-von-Alt-Platz,,Goldwörth,Oberösterreich,4102,Austria,https://www.niedermayerlogistics.com,
1212,ca927ac4-b264-4348-80df-92f2bff6b0b6,RFP - Singh Manufacturing LLC,Singh Manufacturing LLC,Hudson Singh,hudson.singh@singh.com,CFO,+61 397 222 1568,,9197 Maroondah Highway,,Sedgwick,Victoria,3551,Australia,https://www.singhmanufacturing.com,
1213,920f3a5e-4ae6-408f-b667-380cad0936fe,Inquiry - Bekker Media Ltd,Bekker Media Ltd,Lungile Bekker,lungile.bekker@bekker.com,Sales Manager,+27 480 450 1039,+27 688 462 4747,3138 Malan Street,,Ceres,"""""",6835,South Africa,https://www.bekkermedia.com,
1214,d74e9f60-02b9-4b7c-b994-63bebcb98188,Referral - Baumgärtner Food & Beverage LLC,Baumgärtner Food & Beverage LLC,Samuel Baumgärtner,samuel.baumgrtner@baumgrtner.com,CTO,+43 888 149 5787,+43 779 958 2908,2504 Grillparzerstraße,,Baumkirchen,Tirol,6121,Austria,https://www.baumgrtnerfoodbeverage.com,
1215,a6afca02-61d1-46ff-bef1-f2be85e7dceb,Demo Request - Young Media Corp,Young Media Corp,Moana Young,moana.young@young.com,Product Manager,+64 119 967 3183,+64 931 682 9622,9865 Valley Road,,Frankton,Otago,9349,New Zealand,https://www.youngmedia.com,
1216,5eabcd95-2278-45cc-b577-17e1c3741335,Outbound Lead - Fankhauser Telecommunications BV,Fankhauser Telecommunications BV,Enrico Fankhauser,enrico.fankhauser@fankhauser.com,Product Manager,+41 276 709 6978,,9071 Dufourstrasse,,Lausanne,Canton de Vaud,1001,Switzerland,https://www.fankhausertelecommunications.com,
1217,a683ce53-5e99-4de5-b908-fd51f51fe630,Outbound Lead - Kelly Food & Beverage Pty Ltd,Kelly Food & Beverage Pty Ltd,Gus Kelly,gus.kelly@kelly.com,IT Director,+61 833 796 4817,+61 450 638 8444,3550 Liverpool Street,,Somerville,Western Australia,6430,Australia,https://www.kellyfoodbeverage.com,
1218,ab200840-57e6-4de3-b7b5-638429f8c88f,RFP - Bertrand Finance SA,Bertrand Finance SA,Aline Bertrand,aline.bertrand@bertrand.com,Procurement Manager,+32 688 812 3375,+32 980 488 1391,8887 Rue de l'Enseignement,,Waterland-Oudeman,Vlaanderen,9988,Belgium,https://www.bertrandfinance.com,
1219,bab7bd7f-d373-40cc-8649-084dfd31c657,Inbound Lead - McKay Retail LLC,McKay Retail LLC,Victoria McKay,victoria.mckay@outlook.com,CFO,+64 944 574 2636,,26 Hillside Road,,Pahi,Northland,0593,New Zealand,https://www.mckayretail.com,
1220,1e8436b4-4812-4d24-bdb1-b65319b2a567,Partnership - Silvestri Technology AG,Silvestri Technology AG,Eugenio Silvestri,eugenio.silvestri@silvestri.com,IT Director,+39 101 633 8080,+39 682 873 8690,8677 Via Ciro Menotti,Suite 74,Pawig,Trentino-Alto Adige,39011,Italy,https://www.silvestritechnology.com,
1221,578f545d-857b-431d-82be-e7332ef14974,Inquiry - Rogov Finance Pty Ltd,Rogov Finance Pty Ltd,Platon Rogov,platon.rogov@yahoo.com,CTO,+7 208 480 2964,+7 572 472 3496,9056 Минская улица,,Ревино,Саратовская Область,412823,Russia,https://www.rogovfinance.com,
1222,0d1ac864-e345-47f4-8aae-c207e3f3b270,Outbound Lead - Rivera Manufacturing AB,Rivera Manufacturing AB,Ligia Rivera,ligia.rivera@hotmail.com,Sales Manager,+57 498 532 7341,,5724 Calle 92,,Ciénaga de Oro,Cordoba,232537,Colombia,https://www.riveramanufacturing.com,
1223,3369962d-546c-4aea-a691-32e23ab510c2,RFP - Fernández Manufacturing SA,Fernández Manufacturing SA,Valentín Fernández,valentn.fernndez@yahoo.com,VP of Sales,+34 164 162 8795,,1307 Calle de la Libertad,Suite 415,San Felices De Los Gallegos,Castilla - Leon,37270,Spain,https://www.fernndezmanufacturing.com,
1224,698278d3-2ea4-422b-b264-97afd8b763d7,Referral - Blanco Education GmbH,Blanco Education GmbH,Jhonatan Blanco,jhonatan.blanco@blanco.com,Managing Director,+57 970 831 5853,,5015 Avenida Fernando Mazuera,,Miraflores,Boyaca,152660,Colombia,https://www.blancoeducation.com,
1225,44f4928f-0ed5-425b-8c3d-16d2efb1b4a7,Inquiry - Stewart Education Inc,Stewart Education Inc,Andrew Stewart,andrew.stewart@outlook.com,CEO,+1 566 655 8000,+1 634 318 3957,572 Boulevard Saint-Laurent,,Cap-de-la-Madeleine Northeast,Quebec,G8V,Canada,https://www.stewarteducation.com,
1226,5f5a165e-d505-4158-9ace-1439796c97fe,Referral - Prieto Automotive Inc,Prieto Automotive Inc,Esperanza Prieto,esperanza.prieto@prieto.com,General Manager,+34 125 892 6593,+34 346 933 1126,2966 Calle de Picasso,,El Almiceran,Andalucia,23485,Spain,https://www.prietoautomotive.com,
1227,715b00ae-5f48-494e-b028-616ddf3c38ce,RFP - Cabrera Energy AG,Cabrera Energy AG,Leonardo Cabrera,leonardo.cabrera@yahoo.com,CFO,+57 153 575 3158,,9428 Carrera 68,,Labateca,Norte De Santander,542058,Colombia,https://www.cabreraenergy.com,
1228,90e9d1e5-1f10-4e7e-bed1-c1d771d93dee,Quote Request - Thomas Real Estate Inc,Thomas Real Estate Inc,Stefanus Thomas,stefanus.thomas@gmail.com,Procurement Manager,+27 524 257 1345,+27 459 982 8151,8510 Pritchard Street,,Mitchells Plain,"""""",7802,South Africa,https://www.thomasrealestate.com,
1229,293b0b58-00cd-4909-bf18-6afe46ecd50c,Demo Request - Cabrera Manufacturing BV,Cabrera Manufacturing BV,Rocío Cabrera,roco.cabrera@yahoo.com,Product Manager,+34 666 882 2297,+34 280 407 1732,3977 Calle de Argumosa,,El Casar,Castilla - La Mancha,19170,Spain,https://www.cabreramanufacturing.com,
1230,f7efd320-39b6-4a90-91f7-7afbcd219519,Inquiry - Walker Manufacturing GmbH,Walker Manufacturing GmbH,Hamish Walker,hamish.walker@walker.com,Marketing Director,+61 331 556 6715,,6236 Campbell Parade,Suite 400,Madura,Western Australia,6443,Australia,https://www.walkermanufacturing.com,
1231,60a63460-fcd5-4ee8-a8dc-5b6b38313e30,Trade Show - Gangjeon Retail GmbH,Gangjeon Retail GmbH,Ryeo-wook Gangjeon,ryeowook.gangjeon@hotmail.com,IT Director,+82 282 924 7647,,1528 청계천로 (Cheonggyecheon-ro),,달서구,대구광역시,42698,South Korea,https://www.gangjeonretail.com,
1232,02fa3af7-365d-467c-8d89-dfb5512157c0,Outbound Lead - Wyler Education Pty Ltd,Wyler Education Pty Ltd,Tamara Wyler,tamara.wyler@gmail.com,Product Manager,+41 352 341 5872,+41 673 543 1321,386 Uraniastrasse,,Jenaz,Kanton Graubünden,7233,Switzerland,https://www.wylereducation.com,
1233,5d0f3ffa-b147-4bf2-869a-41a197a26204,Opportunity - Lawrence Consulting Corp,Lawrence Consulting Corp,Jasper Lawrence,jasper.lawrence@gmail.com,COO,+1 999 293 3556,+1 248 359 3547,3240 Jasper Avenue,,Vimont,Quebec,H7M,Canada,https://www.lawrenceconsulting.com,
1234,7b1c32f8-753e-440b-bc6b-c6b33085f471,Trade Show - Lindblom Food & Beverage Ltd,Lindblom Food & Beverage Ltd,Felicia Lindblom,felicia.lindblom@yahoo.com,IT Director,+46 625 897 2004,+46 418 484 4337,1332 Åvägen,,Göteborg,Västra Götaland,414 57,Sweden,https://www.lindblomfoodbeverage.com,
1235,89bcfcfb-3030-43b0-9147-f0683581ba58,Opportunity - Guimarães Finance Inc,Guimarães Finance Inc,Celia Guimarães,celia.guimares@guimares.com,Marketing Director,+55 665 307 8426,+55 868 464 5332,4048 Rua Florêncio de Abreu,,Palmeirais,Piaui,64420-000,Brazil,https://www.guimaresfinance.com,
1236,9e50fb18-e78f-45b0-8b0b-e2d3e9a8419a,Partnership - Anderberg Food & Beverage Ltd,Anderberg Food & Beverage Ltd,Ellinor Anderberg,ellinor.anderberg@anderberg.com,CFO,+46 175 500 5424,+46 754 511 2110,1649 Kyrkvägen,,Helsingborg,Skåne,252 00,Sweden,https://www.anderbergfoodbeverage.com,
1237,84c711df-98ed-4a6f-b6b1-b54f3b8bbe02,Referral - Vorontsov Media BV,Vorontsov Media BV,Miroslava Vorontsov,miroslava.vorontsov@gmail.com,Sales Manager,+7 998 648 8261,+7 513 431 1051,6442 Владимирский проспект,,Приволье,Ульяновская Область,433768,Russia,https://www.vorontsovmedia.com,
1238,716970fe-ceae-49dc-ac99-23720744ad05,Trade Show - Nunes Consulting Ltd,Nunes Consulting Ltd,Robson Nunes,robson.nunes@nunes.com,CEO,+55 730 558 6411,+55 368 835 8342,925 Praça Castro Alves,Suite 386,Guairaçá,Parana,87880-000,Brazil,https://www.nunesconsulting.com,
1239,dfb7d304-cbde-4fbb-ae85-ede7f66545f2,Inquiry - Weber Healthcare BV,Weber Healthcare BV,Roswitha Weber,roswitha.weber@weber.com,Sales Manager,+49 348 125 6025,,3914 Bamberger Straße,,Düren,Nordrhein-Westfalen,52355,Germany,https://www.weberhealthcare.com,
1240,78ac465f-3171-4f77-96f7-4068d2435a5d,Quote Request - Świerczyński Logistics SA,Świerczyński Logistics SA,Fryderyk Świerczyński,fryderyk.wierczyski@wierczyski.com,Business Development Manager,+48 216 766 9469,+48 283 641 6803,9617 Plac Piłsudskiego,,Borusowa,Lesser Poland,33-260,Poland,https://www.wierczyskilogistics.com,
1241,530a3ca8-b5d7-4c92-b474-b03b0bdcfb2b,Trade Show - Galindo Education Ltd,Galindo Education Ltd,María Fernanda Galindo,marafernanda.galindo@galindo.com,HR Director,+57 595 306 5998,+57 170 645 3686,222 Carrera 30,Suite 456,San Andrés de Tumaco,Nariño,528519,Colombia,https://www.galindoeducation.com,
1242,417c45ea-56ed-45d8-8909-65b53a522413,Opportunity - Sergeev Food & Beverage AB,Sergeev Food & Beverage AB,Fyodor Sergeev,fyodor.sergeev@yahoo.com,Managing Director,+7 814 519 9907,+7 991 730 1520,4164 Каменноостровский проспект,,Березовец,Курская Область,306005,Russia,https://www.sergeevfoodbeverage.com,
1243,7d50f0da-446e-4636-bc2e-92d7f0cb22da,Referral - Cardoso Logistics GmbH,Cardoso Logistics GmbH,Karina Cardoso,karina.cardoso@cardoso.com,CFO,+55 801 175 3140,+55 316 841 7367,394 Rua da Consolação,Suite 465,Uru,Sao Paulo,16650-000,Brazil,https://www.cardosologistics.com,
1244,79d2dfa6-7ac4-4d1f-94a1-1858acfe4b34,Referral - Dixon Finance AG,Dixon Finance AG,Rose Dixon,rose.dixon@dixon.com,IT Director,+1 512 764 4095,,3167 Mountain View Drive,Suite 163,Young America,Minnesota,55564,United States,https://www.dixonfinance.com,
1245,11c969fc-5a3c-47ee-b2b9-738335cf224d,Inbound Lead - Lozano Telecommunications Corp,Lozano Telecommunications Corp,Josefa Lozano,josefa.lozano@lozano.com,CFO,+34 341 341 9556,+34 633 595 7376,2970 Calle del Sol,,San Cristobal De La Vega,Castilla - Leon,40465,Spain,https://www.lozanotelecommunications.com,
1246,78ea11a5-7f6d-4e89-b155-995b1af8cf8c,Inquiry - Pereyra Consulting Corp,Pereyra Consulting Corp,Diego Pereyra,diego.pereyra@gmail.com,CFO,+54 416 135 6627,+54 170 452 6953,7093 Avenida Infanta Isabel,,COLONIA EL TIGRE,La Pampa,6385,Argentina,https://www.pereyraconsulting.com,
1247,e3b98962-0be5-44e3-b89b-7bc4dc8c9be2,Quote Request - Robertson Technology SA,Robertson Technology SA,Spencer Robertson,spencer.robertson@yahoo.com,CEO,+61 474 454 3641,,2131 Bulwer Street,Suite 232,South East Nanango,Queensland,4615,Australia,https://www.robertsontechnology.com,
1248,3c0c6262-cb4b-4b96-9881-7853ef074b9a,Partnership - Mason Telecommunications Pty Ltd,Mason Telecommunications Pty Ltd,Piper Mason,piper.mason@gmail.com,Managing Director,+61 229 634 7082,+61 735 448 9994,9207 Barkly Street,,Strathmore,Victoria,3041,Australia,https://www.masontelecommunications.com,
1249,bed3bbb9-e410-48a4-800b-7328a9cca50e,Quote Request - Zinchenko Media Ltd,Zinchenko Media Ltd,Anton Zinchenko,anton.zinchenko@yahoo.com,Business Development Manager,+380 895 403 6382,+380 807 421 8667,9363 вулиця Пушкінська,Suite 314,Андріївка,Donetska,84500,Ukraine,https://www.zinchenkomedia.com,
1250,a30b10e0-750d-410d-9850-595ab0847d69,Outbound Lead - Verstraete Education BV,Verstraete Education BV,Dirk Verstraete,dirk.verstraete@outlook.com,Sales Manager,+32 226 321 9844,+32 571 951 2506,4670 Amerikaansestraat,,Gullegem,Vlaanderen,8560,Belgium,https://www.verstraeteeducation.com,
1251,a68fc76e-53d7-4016-829c-e87f4d124267,Outbound Lead - Castillo Media LLC,Castillo Media LLC,Ramón Castillo,ramn.castillo@yahoo.com,General Manager,+34 653 405 2597,+34 248 390 5787,8484 Calle del Agua,Suite 195,La Corriu,Cataluna,25285,Spain,https://www.castillomedia.com,
1252,e466bed5-844f-40bb-bbcb-c5cd2571ed23,Inbound Lead - Kraus Manufacturing AB,Kraus Manufacturing AB,Helene Kraus,helene.kraus@outlook.com,IT Director,+49 236 118 7917,,918 Adenauerstraße,,Potsdam,Brandenburg,14482,Germany,https://www.krausmanufacturing.com,
1253,aea232c1-a2db-429b-9186-63fc5874a1c4,Quote Request - Hofmann Automotive Corp,Hofmann Automotive Corp,Emil Hofmann,emil.hofmann@hofmann.com,VP of Sales,+41 198 199 9759,+41 388 674 8796,5046 Place Saint-François,,Arnex-sur-Nyon,Canton de Vaud,1277,Switzerland,https://www.hofmannautomotive.com,
1254,c5522daf-0553-48a4-8ba9-a2a144d3ef20,Quote Request - Pauwels Energy Ltd,Pauwels Energy Ltd,Martine Pauwels,martine.pauwels@gmail.com,Managing Director,+32 967 795 8136,+32 876 333 6068,2202 Lakensestraat,,Wontergem,Vlaanderen,9800,Belgium,https://www.pauwelsenergy.com,
1255,38708850-503c-4a2d-9ca4-ac01a7d2affc,Quote Request - Maleka Technology Pty Ltd,Maleka Technology Pty Ltd,Thulisile Maleka,thulisile.maleka@maleka.com,Business Development Manager,+27 713 573 3565,+27 306 541 8401,1993 Pietermaritzburg Street,,Cape Town,"""""",7974,South Africa,https://www.malekatechnology.com,
1256,0012fc1d-7155-4d9d-8eda-6e67b09731d1,Opportunity - Montoya Hospitality BV,Montoya Hospitality BV,Alexander Montoya,alexander.montoya@gmail.com,Procurement Manager,+57 877 410 4253,+57 715 785 1571,6049 Carrera 5,,Aldana,Nariño,524547,Colombia,https://www.montoyahospitality.com,
1257,45a63c76-e8d9-4db9-9837-3eafbb8e0b2f,RFP - Brunner Healthcare GmbH,Brunner Healthcare GmbH,Zoé Brunner,zo.brunner@brunner.com,CTO,+41 714 854 4233,+41 794 385 6161,886 Riva Paradiso,,Heimenschwand,Canton de Berne,3615,Switzerland,https://www.brunnerhealthcare.com,
1258,f2d9de58-e570-41a2-a06e-1f77deed532a,RFP - Van Damme Telecommunications BV,Van Damme Telecommunications BV,Milan Van Damme,milan.vandamme@vandamme.com,Product Manager,+32 876 300 6734,+32 931 213 2234,9858 Nieuwstraat,,Poulseur,Wallonie,4171,Belgium,https://www.vandammetelecommunications.com,
1259,f93e2109-4b3d-45fb-a8b9-a494bce72916,Referral - Iglesias Finance AB,Iglesias Finance AB,Joaquín Iglesias,joaqun.iglesias@iglesias.com,Operations Manager,+34 141 664 9031,,6555 Calle de la Paz,,Elusta,Navarra,31790,Spain,https://www.iglesiasfinance.com,
1260,95d046f0-0859-414b-a726-2c2eaf36f617,Inbound Lead - Schumacher Real Estate Ltd,Schumacher Real Estate Ltd,Claudia Schumacher,claudia.schumacher@schumacher.com,Procurement Manager,+41 987 729 1651,+41 148 186 5758,9703 Rue du Pont,,Adligenswil,Kanton Luzern,6043,Switzerland,https://www.schumacherrealestate.com,
1261,e37cd4f8-ecea-42f5-b8b9-e906064595d7,Partnership - Torres Finance GmbH,Torres Finance GmbH,Lucas Torres,lucas.torres@hotmail.com,Product Manager,+54 351 621 2204,,2433 Avenida San Juan,,PIÑEYRO,Buenos Aires,7548,Argentina,https://www.torresfinance.com,
1262,a13c7024-40d4-467b-9f30-43fa4ab83664,Quote Request - Stephens Retail LLC,Stephens Retail LLC,Alexander Stephens,alexander.stephens@stephens.com,HR Director,+1 226 231 3713,+1 513 977 5775,7464 Confederation Drive,,Ahuntsic East,Quebec,H2M,Canada,https://www.stephensretail.com,
1263,ea809559-b162-48f2-8f25-e5455e0262fd,Outbound Lead - Medina Automotive AB,Medina Automotive AB,Nélida Medina,nlida.medina@medina.com,CEO,+54 263 892 9907,+54 754 628 3826,6860 Calle Santa Cruz,Suite 51,ACHICO,Neuquen,8315,Argentina,https://www.medinaautomotive.com,
1264,08487ed1-71dc-4759-95b1-e7ca360af909,Partnership - Braun Food & Beverage Pty Ltd,Braun Food & Beverage Pty Ltd,Manuela Braun,manuela.braun@braun.com,CEO,+49 545 465 9395,+49 864 704 4443,6530 Beethovenstraße,,Sande,Niedersachsen,26452,Germany,https://www.braunfoodbeverage.com,
1265,23a27a57-30b7-4758-b508-b43f660986b7,Inbound Lead - Jenni Hospitality LLC,Jenni Hospitality LLC,Arnaud Jenni,arnaud.jenni@jenni.com,COO,+41 530 772 9981,+41 148 173 3068,8868 Claridenstrasse,Suite 296,Wolfisberg,Canton de Berne,4704,Switzerland,https://www.jennihospitality.com,
1266,db23ad8b-9d63-42ee-874e-b60265e65959,Inbound Lead - Gallego Food & Beverage Inc,Gallego Food & Beverage Inc,Jorge Gallego,jorge.gallego@gallego.com,Product Manager,+34 486 108 4994,+34 227 275 2417,9434 Avenida de Cataluña,,Lobios,Galicia,32870,Spain,https://www.gallegofoodbeverage.com,
1267,ec5c67cd-63f0-44a5-b409-aa999b93d0e5,Partnership - De Backer Automotive GmbH,De Backer Automotive GmbH,Hendrik De Backer,hendrik.debacker@yahoo.com,General Manager,+32 993 331 2013,,1283 Chaussée de Gand,,Sorée,Wallonie,5340,Belgium,https://www.debackerautomotive.com,
1268,9bec181b-1113-4477-af40-d656ef983667,Partnership - Sanz Food & Beverage LLC,Sanz Food & Beverage LLC,Unai Sanz,unai.sanz@sanz.com,COO,+34 922 340 5118,+34 548 505 1033,7746 Calle de Jaime I,Suite 100,Irixoa,Galicia,27837,Spain,https://www.sanzfoodbeverage.com,
1269,45bf0f7d-b641-4d37-a64b-d81e530a7198,Inbound Lead - Cano Hospitality Ltd,Cano Hospitality Ltd,Cristian Cano,cristian.cano@cano.com,General Manager,+57 664 242 8347,+57 658 101 1113,7303 Carrera 27,,Encino,Santander,682547,Colombia,https://www.canohospitality.com,
1270,5171d9f0-ab89-441f-b35f-b389e102feba,Inbound Lead - Pylypenko Telecommunications GmbH,Pylypenko Telecommunications GmbH,Taras Pylypenko,taras.pylypenko@pylypenko.com,Marketing Director,+380 944 627 7003,+380 287 331 1721,3987 проспект Миру,Suite 445,Немирівське,Odeska,66153,Ukraine,https://www.pylypenkotelecommunications.com,
